{"min_safe_total_y": 433, "max_safe_slide": 753.0015258789062, "slide_fridge": 430, "min_safe_slide": 0, "min_safe_x": -110, "min_safe_z": -120, "safe_plate": [-110, -220, 0], "ot2_shift_slot_y": 132.49, "ot2_angular_offset": 1.6500015258789062, "r_0": -83.5, "plate_ot2_slot3": [290.9997253417969, -137.49978637695312, -62.999794006347656], "plate_front_fridge_1_2": [110, -170, 50], "up_z_offset": 20, "cover_z_offset": 7, "plate_fridge_slot1": [237.99986267089844, -167.49998474121094, 42.00000762939453], "fridge_angular_offset_1_2": 0.5, "plate_fridge_slot2": [231.99978637695312, -314.4999694824219, 38.000022888183594], "plate_front_fridge_3_4": [110, -170, 0], "fridge_angular_offset_3_4": 0.9999961853027344, "plate_fridge_slot3": [236.49993896484375, -171.99996948242188, -36.99993896484375], "plate_fridge_slot4": [232.24996948242188, -318.0, -41.99989318847656], "pos_final_stock_cover_0": [93.00000762939453, 256.4300231933594, -171.9999542236328, 99.1500015258789, 703.0010681152344], "pos_final_stock_slot_0": [92.50007629394531, 258.9300231933594, -165.49990844726562, 98.6500015258789, 703.001220703125], "pos_start_stock_cover": [140.0, 132.43, 0, 53.2, 703.0], "temp_module_z_offset": 80, "temp_module_y_offset": -1.5, "temp_module_x_offset": 1.5, "r_90": 6.5, "pos_front_fridge_1_2": [110, -170, 50, 6.5, 430], "pos_front_fridge_3_4": [110, -170, 0, 6.5, 430], "r_slot3": 8.150001525878906, "plate_ot2_slot2": [294.81463961802723, -5.0647210465618, -61.999794006347656], "plate_ot2_slot1": [298.6295538942576, 127.37034428382952, -61.999794006347656], "r_fridge_slot1": 7.0, "pos_up_fridge_slot1": [237.99986267089844, -167.49998474121094, 62.00000762939453, 7.0, 430], "pos_final_fridge_slot1": [237.99986267089844, -167.49998474121094, 42.00000762939453, 7.0, 430], "pos_cover_fridge_slot1": [237.99986267089844, -167.49998474121094, 49.00000762939453, 7.0, 430], "r_fridge_slot2": 7.0, "pos_up_fridge_slot2": [231.99978637695312, -314.4999694824219, 58.000022888183594, 7.0, 430], "pos_final_fridge_slot2": [231.99978637695312, -314.4999694824219, 38.000022888183594, 7.0, 430], "pos_cover_fridge_slot2": [231.99978637695312, -314.4999694824219, 45.000022888183594, 7.0, 430], "r_fridge_slot3": 7.499996185302734, "pos_up_fridge_slot3": [236.49993896484375, -171.99996948242188, -16.99993896484375, 7.499996185302734, 430], "pos_final_fridge_slot3": [236.49993896484375, -171.99996948242188, -36.99993896484375, 7.499996185302734, 430], "pos_cover_fridge_slot3": [236.49993896484375, -171.99996948242188, -29.99993896484375, 7.499996185302734, 430], "r_fridge_slot4": 7.499996185302734, "pos_up_fridge_slot4": [232.24996948242188, -318.0, -21.999893188476562, 7.499996185302734, 430], "pos_final_fridge_slot4": [232.24996948242188, -318.0, -41.99989318847656, 7.499996185302734, 430], "pos_cover_fridge_slot4": [232.24996948242188, -318.0, -34.99989318847656, 7.499996185302734, 430], "pos_security": [-110, -220, 0, -83.5, 753.0015258789062], "pos_rail_origin": [-110, -220, 0, -83.5, 0], "pos_start_OT2_slot3": [140.0, -137.49978637695312, 0, 8.150001525878906, 753.0015258789062], "pos_start_OT2_slot2": [220, -5.0647210465618, 0, 8.150001525878906, 753.0015258789062], "pos_start_OT2_slot1": [140.0, 127.37034428382952, 0, 8.150001525878906, 753.0015258789062], "pos_start_OT2_temp_module_slot3": [140.0, -137.49978637695312, 25, 8.150001525878906, 753.0015258789062], "pos_up_OT2_slot1": [298.6295538942576, 127.37034428382952, -41.999794006347656, 8.150001525878906, 753.0015258789062], "pos_final_OT2_slot1": [298.6295538942576, 127.37034428382952, -61.999794006347656, 8.150001525878906, 753.0015258789062], "pos_cover_OT2_slot1": [298.6295538942576, 127.37034428382952, -54.999794006347656, 8.150001525878906, 753.0015258789062], "pos_up_OT2_temp_module_slot3": [292.4997253417969, -138.99978637695312, 37.000205993652344, 8.150001525878906, 753.0015258789062], "pos_final_OT2_temp_module_slot3": [292.4997253417969, -138.99978637695312, 17.000205993652344, 8.150001525878906, 753.0015258789062], "pos_cover_OT2_temp_module_slot3": [292.4997253417969, -138.99978637695312, 24.000205993652344, 8.150001525878906, 753.0015258789062], "pos_up_OT2_slot2": [294.81463961802723, -5.0647210465618, -41.999794006347656, 8.150001525878906, 753.0015258789062], "pos_final_OT2_slot2": [294.81463961802723, -5.0647210465618, -61.999794006347656, 8.150001525878906, 753.0015258789062], "pos_cover_OT2_slot2": [294.81463961802723, -5.0647210465618, -54.999794006347656, 8.150001525878906, 753.0015258789062], "pos_up_OT2_slot3": [290.9997253417969, -137.49978637695312, -42.999794006347656, 8.150001525878906, 753.0015258789062], "pos_final_OT2_slot3": [290.9997253417969, -137.49978637695312, -62.999794006347656, 8.150001525878906, 753.0015258789062], "pos_cover_OT2_slot3": [290.9997253417969, -137.49978637695312, -55.999794006347656, 8.150001525878906, 753.0015258789062], "pos_up_stock_slot_0": [92.50007629394531, 258.9300231933594, -145.49990844726562, 98.6500015258789, 703.001220703125], "pos_start_OT2_temp_module_slot1": [140.0, 133.42677977541473, 31.500125885009766, 7.650001525878906, 753.0016784667969], "pos_up_OT2_temp_module_slot1": [296.3179258112514, 133.42677977541473, 47.500125885009766, 7.650001525878906, 753.0016784667969], "pos_final_OT2_temp_module_slot1": [296.3179258112514, 133.42677977541473, 27.500125885009766, 7.650001525878906, 753.0016784667969], "pos_cover_OT2_temp_module_slot1": [296.3179258112514, 133.42677977541473, 34.500125885009766, 7.650001525878906, 753.0016784667969], "pos_up_stock_cover_0": [93.00000762939453, 256.4300231933594, -151.9999542236328, 99.1500015258789, 703.0010681152344]}